{
"Action" : "Lookup",
"sn" : "gjm2",
"DTS" : "Mon Apr 7 20:25:32 PDT 2025",
"Circuit" : "C84",
"tempc": 25.6,
"lut" :{"2.0227819999999994": 6.0, "2.0583129999999996": 6.1, "2.093844": 6.2, "2.129375": 6.3, "2.164906": 6.4, "2.197645": 6.5, "2.23": 6.6, "2.230969": 6.7, "2.26361": 6.8, "2.298156": 6.9, "2.364712": 7, "2.402375": 7.1, "2.435156": 7.2, "2.466984": 7.4, "2.4688": 7.3, "2.503416": 7.5, "2.538055": 7.6, "2.60425": 7.8, "2.606547": 7.7, "2.673762": 7.9, "2.706445": 8, "2.708914": 8.1, "2.739847": 8.2, "2.773871": 8.3, "2.831112": 8.4, "2.8666430000000003": 8.5, "2.9021740000000005": 8.6, "2.9377050000000007": 8.7, "2.973236000000001": 8.8, "3.008767000000001": 8.9, "3.0442980000000013": 9.0}
}
